{"cov": {"0": [[0.06143810549471746, -0.024997782759187483, -0.024997782759187483, 0.08149974593360951], [0.02619270768299311, 0.005659091826380862, 0.005659091826380862, 0.028755915958709473], [0.025797239897600376, -0.020131241122760213, -0.020131241122760213, 0.048151165898585785]], "1": [[0.05131186699711393, -0.02637447968292422, -0.02637447968292422, 0.018832288774893652], [0.02311075443335801, -0.006975507686132011, -0.006975507686132011, 0.028368335922627667], [0.06106465465915253, -0.024677604606581312, -0.024677604606581312, 0.0812828657629086]], "2": [[0.02717033282664082, -0.0084004126553712, -0.0084004126553712, 0.040441962978892076], [0.035968049493834434, 0.01549272043946406, 0.01549272043946406, 0.01935184304729686], [0.036049434543354936, 0.014638833823181647, 0.014638833823181647, 0.01629148685149031]], "3": [[0.024381886843710426, -0.021699897797951725, -0.021699897797951725, 0.04981001562952908], [0.06142322287095425, -0.02497657443730411, -0.02497657443730411, 0.08148258768051728], [0.025780832971374346, 0.0016988508638068952, 0.0016988508638068952, 0.030868867904569344]], "4": [[0.035968049493834434, 0.01549272043946406, 0.01549272043946406, 0.01935184304729686], [0.036049434543354936, 0.014638833823181653, 0.014638833823181653, 0.01629148685149031], [0.02717033282664082, -0.0084004126553712, -0.0084004126553712, 0.040441962978892076]]}, "mu": {"0": [[-0.48046448373142076, 1.2204770421199727], [0.7360701898339915, 0.7242845614019905], [0.7840907619764342, 0.6364696508451683]], "1": [[0.7345454713555923, 0.383079368351245], [0.763433345826251, 0.7247014481610087], [-0.48102895977178456, 1.2209360315919804]], "2": [[0.7589603463932411, 0.6797694399017237], [-0.6394637166412946, 1.4746035002427056], [-0.3259205996544614, 0.971335918925847]], "3": [[0.8094747560473969, 0.6047908316826125], [-0.4804892294713184, 1.2205071578887416], [0.7339987011267158, 0.7200192713524659]], "4": [[-0.6394637166412946, 1.4746035002427056], [-0.32592059965446146, 0.971335918925847], [0.7589603463932411, 0.6797694399017237]]}}